,,,,,,,,,,,,,,,,
"//!","Linux distribution timeline data sheet",,,,,,,,,,,,,,,
"//!","Copyright (C) 2010-2012 Donjan Rodic, Andreas Lundqvist, Mohammed A. Mustafa",,,,,,,,,,,,,,,
"//!","Copyright (C) 2016 Muhammad Herdiansyah",,,,,,,,,,,,,,,
"//!","Copyright (C) 2016-Onwards Fabio Loli",,,,,,,,,,,,,,,
"//!","Maintained by Fabio Loli",,,,,,,,,,,,,,,
"//!","Design assistance - Aleksandar Urošević",,,,,,,,,,,,,,,
"//!","Original idea (“Línea del tiempo Distribuciones Linux”) - José Alex Sandoval",,,,,,,,,,,,,,,
"//!","Permission is granted to copy, distribute and/or modify this document",,,,,,,,,,,,,,,
"//!","under the terms of the GNU Free Documentation License, Version 1.3",,,,,,,,,,,,,,,
"//!","or any later version published by the Free Software Foundation;",,,,,,,,,,,,,,,
"//!","with no Invariant Sections, no Front-Cover Texts, and no Back-Cover Texts.",,,,,,,,,,,,,,,
"//!",,,,,,,,,,,,,,,,
"//!",,,,,,,,,,,,,,,,
"//","Open/save this file as a standard CSV  <=>  comma (,) separated and double quotes ("") as text delimiter.",,,,,,,,,,,,,,,
"//","You can safely insert commas or double quotes into data fields.",,,,,,,,,,,,,,,
"//","EXCEPTION: Don't insert a comma right after a double quote, since this terminates the field.",,,,,,,,,,,,,,,
"//","When editing with LibreOffice Calc, load the file with “quoted field as text” turned on to prevent autoformatting.",,,,,,,,,,,,,,,
"//",,,,,,,,,,,,,,,,
"//!","gnuclad parses this correctly no matter in what order the nodes are. You can swap any lines.",,,,,,,,,,,,,,,
"//!",,,,,,,,,,,,,,,,
"//!","Empty lines get ignored, the first column controls the rest of the line:",,,,,,,,,,,,,,,
"//!","# = comment, N = node, C = connector, D = domain",,,,,,,,,,,,,,,
"//!","SVG = SVG image to include, PNG = PNG image to include",,,,,,,,,,,,,,,
"//!",,,,,,,,,,,,,,,,
,,,,,,,,,,,,,,,,
"#","Nodes",,,,,,,,,,,,,,,
"#","Name","Color","Parent","Start","Stop","Icon","Description","[Namechange","When","Description","[Namechange","When","Description",". . . ]]",,
"N","SLS","#9c8ac4",,"1992.6","1994.1",,"https://distroware.gitlab.io/os/Linux/s/sls",,,,,,,,,
"N","Slackware","#000","SLS","1993.7.16",,"images/slackware.svg","https://distroware.gitlab.io/os/Linux/s/slackware",,,,,,,,,
"N","S.u.S.E","#4bb679","Slackware","1994.3","1996.5",,"https://distroware.gitlab.io/os/Linux/o/opensuse",,,,,,,,,
"N","Slax","#aadc87","Slackware","2002.5",,,"https://distroware.gitlab.io/os/Linux/s/slax",,,,,,,,,
"N","Plamo","#596e9d","Slackware","2002.9.23",,,"https://distroware.gitlab.io/os/Linux/p/plamo",,,,,,,,,
"N","DNALinux","#496da7","Slax","2004.2","2009.04.19",,"https://distroware.gitlab.io/os/Linux/d/dnalinux",,,,,,,,,
"N","WHAX","#445fff","Slax","2005.7.3","2006.2.5",,"https://distroware.gitlab.io/os/Linux/w/whoppix",,,,,,,,,
"N","Wolvix","#5a5a5a","Slax","2005.8","2013.04.18",,"https://distroware.gitlab.io/os/Linux/w/wolvix",,,,,,,,,
"N","SLAMPP","#ff4343","Slax","2005.9.19","2011.10.30",,"https://distroware.gitlab.io/os/Linux/s/slampp",,,,,,,,,
"N","DeLi","#767676","Slackware","2002.11.2",,,"http://www.delilinux.de/","ConnochaetOS","2010.11.13","https://connochaetos.org/wiki/home",,,,,,
"N","DeLicate","#cc8844","DeLi","2011.10.22","2017.06.16",,"https://distroware.gitlab.io/os/Linux/d/delicate",,,,,,,,,
"N","Stux","#ff0000","Slackware","2003.9.1","2011.09.9",,"https://distroware.gitlab.io/os/Linux/s/stux","STUX","2003.11.1","https://distroware.gitlab.io/os/Linux/s/stux",,,,,,
"N","Kwort","#135cae","Slackware","2003.10.26",,,"https://distroware.gitlab.io/os/Linux/k/kwort",,,,,,,,,
"N","DARKSTAR","#705ca4","Slackware","2004.2","2008.1.6",,"https://distroware.gitlab.io/os/Linux/d/darkstar",,,,,,,,,
"N","AUSTRUMI","#d5bc60","Slackware","2004.3",,,"https://distroware.gitlab.io/os/Linux/a/astrumi",,,,,,,,,
"N","Minislack","#496da7","Slackware","2004.5.21",,,"https://distroware.gitlab.io/os/Linux/z/zenwalk","Zenwalk","2005.8.12","https://distroware.gitlab.io/os/Linux/z/zenwalk",,,,,,
"N","GoblinX","#e68200","Slackware","2004.7","2014.06.11",,"https://distroware.gitlab.io/os/Linux/g/goblinx","Imagineos","2010.7.1","https://distroware.gitlab.io/os/Linux/g/goblinx",,,,,,
"N","Slack 390","#444444","Slackware","2004.7.6","2012.10.18",,"https://distroware.gitlab.io/os/Linux/s/slack-390",,,,,,,,,
"N","HostGIS","#654321","Slackware","2004.8","2010",,"https://distroware.gitlab.io/os/Linux/h/hostgis",,,,,,,,,
"N","Kate","#e48a67","Slackware","2004.10.9","2009.6",,"https://distroware.gitlab.io/os/Linux/k/kateos","KateOS","2005.5.6","https://distroware.gitlab.io/os/Linux/k/kateos",,,,,,
"N","NimbleX","#ad2028","Slackware","2004.10.20",,,"https://distroware.gitlab.io/os/Linux/n/nimblex",,,,,,,,,
"N","MOPSLinux","#50c846","Slackware","2004.11","2015.12.30",,"https://distroware.gitlab.io/os/Linux/a/agilia-linux","AgiliaLinux","2010.4.22","https://distroware.gitlab.io/os/Linux/a/agilia-linux",,,,,,
"N","Frugalware","#676a97","Slackware","2004.11.2",,,"https://distroware.gitlab.io/os/Linux/f/frugalware",,,,,,,,,
"N","Slamd64","#5a5050","Slackware","2005.1.19","2009.2.1",,"https://distroware.gitlab.io/os/Linux/s/slamd64",,,,,,,,,
"N","pQui","#105289","Slackware","2005.7","2013.11.08",,"https://distroware.gitlab.io/os/Linux/p/pqui",,,,,,,,,
"N","Slackintosh","#6496fa","Slackware","2005.9.29","2011.06.07",,"https://distroware.gitlab.io/os/Linux/s/slackintosh",,,,,,,,,
"N","RIP","#2b1bb0","Slackware","2006.5.5","2015.01.15",,"https://distroware.gitlab.io/os/Linux/r/rip",,,,,,,,,
"N","Bluewhite64","#2356e6","Slackware","2006.10.4","2012.11.16",,"https://distroware.gitlab.io/os/Linux/b/bluewhite64",,,,,,,,,
"N","Absolute","#5a4114","Slackware","2006.10.22",,,"https://distroware.gitlab.io/os/Linux/a/absolute",,,,,,,,,
"N","Wifislax","#303030","Slackware","2006.12.21",,,"https://distroware.gitlab.io/os/Linux/w/wifislax",,,,,,,,,
"N","Parted Magic","#58738f","Slackware","2007.01",,,"https://distroware.gitlab.io/os/Linux/p/parted-magic",,,,,,,,,
"N","ARMedslack","#000","Slackware","2007.1.18",,,"https://distroware.gitlab.io/os/Linux/s/slackware-arm","Slackware ARM","2012.8.25","https://distroware.gitlab.io/os/Linux/s/slackware-arm",,,,,,
"N","Draco","#bf0000","Slackware","2007.5.17","2015.12.23",,"https://distroware.gitlab.io/os/Linux/d/draco",,,,,,,,,
"N","SMS","#6283b9","Slackware","2007.8.10","2019.10.05",,"https://distroware.gitlab.io/os/Linux/s/superb-mini-server","Superb Mini Server","2010.6.11","https://distroware.gitlab.io/os/Linux/s/superb-mini-server",,,,,,
"N","Wifiway","#303030","Slackware","2008.12.3",,,"https://distroware.gitlab.io/os/Linux/w/wifiway",,,,,,,,,
"N","PLATYPUX","#884411","Slackware","2008.12.29","2014.11.9",,"https://distroware.gitlab.io/os/Linux/p/platypus",,,,,,,,,
"N","Kongoni","#fec367","Slackware","2009.2","2014.07.15",,"https://distroware.gitlab.io/os/Linux/k/kongoni",,,,,,,,,
"N","Linvo","#9cc720","Slackware","2009.3.28","2014.07.14",,"https://distroware.gitlab.io/os/Linux/l/linvo",,,,,,,,,
"N","Salix","#6e9834","Slackware","2009.9.16",,,"https://distroware.gitlab.io/os/Linux/s/salix",,,,,,,,,
"N","Slackel","#ddee22","Slackware","2011.6.16",,,"https://distroware.gitlab.io/os/Linux/s/slackel",,,,,,,,,
"N","Porteus","#000099","Slackware","2011.6.20",,,"https://distroware.gitlab.io/os/Linux/p/porteus",,,,,,,,,
,,,,,,,,,,,,,,,,
"N","Debian","#bf1238",,"1993.8.16",,"images/debian.svg","https://distroware.gitlab.io/os/Linux/d/debian",,,,,,,,,
"N","Omoikane Arma","#bfd0d6","Debian","2000.2",,,"https://distroware.gitlab.io/os/Linux/o/omoikane-arma",,,,,,,,,
"N","Knoppix","#c7bff0","Debian","2000.9.30",,,"https://distroware.gitlab.io/os/Linux/k/knoppix",,,,,,,,,
"N","Damn Small Linux","#cb9340","Knoppix","2003.6","2015.09.27",,"https://distroware.gitlab.io/os/Linux/d/damn-small-linux",,,,,,,,,
"N","Kanotix","#c8b582","Knoppix","2003.12.24",,,"https://distroware.gitlab.io/os/Linux/k/kanotix",,,,,,,,,
"N","Auditor Security Collection","#557c94","Knoppix","2004.5.20","2010.1.9",,"https://distroware.gitlab.io/os/Linux/b/backtrack","Backtrack","2006.5.26","https://distroware.gitlab.io/os/Linux/b/backtrack",,,,,,
"N","MAX","#477dbe","Knoppix","2004.5.27","2007.03",,"https://distroware.gitlab.io/os/Linux/m/max",,,,,,,,,
"N","Whoppix","#445fff","Knoppix","2004.8","2005.7.3",,"https://distroware.gitlab.io/os/Linux/w/whoppix",,,,,,,,,
"N","ParallelKnoppix","#a0553c","Knoppix","2005.4.25","2008.3.1",,"https://distroware.gitlab.io/os/Linux/p/parallelknoppix",,,,,,,,,
"N","Skolelinux","#e0b1b7","Debian","2001.7.2",,,"https://distroware.gitlab.io/os/Linux/d/debianedu","DebianEdu","2016.07.3","https://distroware.gitlab.io/os/Linux/d/debianedu",,,,,,
"N","MEPIS","#8598c0","Debian","2003.5","2016.07.29",,"https://distroware.gitlab.io/os/Linux/m/mepis","SimplyMEPIS","2004.9.7","https://distroware.gitlab.io/os/Linux/m/mepis",,,,,,
"N","antiX","#443300","MEPIS","2007.8.22",,,"https://distroware.gitlab.io/os/Linux/a/antix",,,,,,,,,
"N","DRBL","#333","Debian","2004.4.1",,,"https://distroware.gitlab.io/os/Linux/d/drbl",,,,,,,,,
"N","Clonezilla Live","#f79f5d","Debian","2004.5",,,"https://distroware.gitlab.io/os/Linux/c/clonezilla",,,,,,,,,
"N","Hiweed Linux","#15A7E5","Debian","2004.7.22","2006.09.25",,"https://distroware.gitlab.io/os/Linux/d/deepin",,,,,,,,,
"N","grml","#e7c71c","Debian","2004.8.31",,,"https://distroware.gitlab.io/os/Linux/g/grml",,,,,,,,,
"N","Ubuntu","#e95420","Debian","2004.10.20",,,"https://distroware.gitlab.io/os/Linux/u/ubuntu",,,,,,,,,
"N","Kubuntu","#4f5695","Ubuntu","2005.4.8",,,"https://distroware.gitlab.io/os/Linux/k/kubuntu",,,,,,,,,
"N","Netrunner","#5997de","Kubuntu","2010.3.18","2016.10.23",,"https://distroware.gitlab.io/os/Linux/n/netrunner",,,,,,,,,
"N","Edubuntu","#a12726","Ubuntu","2005.10.13","2019.04.30",,"https://distroware.gitlab.io/os/Linux/e/edubuntu",,,,,,,,,
"N","Xubuntu","#53525f","Ubuntu","2006.6.1",,,"https://distroware.gitlab.io/os/Linux/x/xubuntu",,,,,,,,,
"N","Runtu","#3c72ae","Xubuntu","2008.10.1",,,"https://distroware.gitlab.io/os/Linux/r/runtu",,,,,,,,,
"N","Voyager","#f55a1b","Xubuntu","2012.5.3",,,"https://distroware.gitlab.io/os/Linux/v/voyager",,,,,,,,,
"N","Linux Mint","#5fec52","Ubuntu","2006.8.27",,,"https://distroware.gitlab.io/os/Linux/l/linux-mint",,,,,,,,,
"N","Hiweed Linux ","#15A7E5","Ubuntu","2006.09.25","2015.12.30",,"https://distroware.gitlab.io/os/Linux/d/deepin","Linux Deepin","2009.12.02","https://distroware.gitlab.io/os/Linux/d/deepin","Deepin","2014.04.15","https://distroware.gitlab.io/os/Linux/d/deepin","deepin","2015.04.28","https://distroware.gitlab.io/os/Linux/d/deepin"
"N","gNewSense","#c1b384","Ubuntu","2006.11.2",,,"https://distroware.gitlab.io/os/Linux/g/gnewsense",,,,,,,,,
"N","MAX ","#477dbe","Ubuntu","2007.03",,,"https://distroware.gitlab.io/os/Linux/m/max",,,,,,,,,
"N","Ubuntu Studio","#0099ee","Ubuntu","2007.5.10",,,"https://distroware.gitlab.io/os/Linux/u/ubuntu-studio",,,,,,,,,
"N","Linux Lite","#e8e8e8","Ubuntu","2012.10.26",,,"https://distroware.gitlab.io/os/Linux/l/linux-lite",,,,,,,,,
"N","CrunchBang","#000","Ubuntu","2008.1.22",,,"https://distroware.gitlab.io/os/Linux/c/crunchbang","Bunsen Labs","2015.02.16","https://distroware.gitlab.io/os/Linux/b/bunsen-labs",,,,,,
"N","CrunchBang plus plus","#333","CrunchBang","2015.2.15",,,"https://distroware.gitlab.io/os/Linux/c/crunchbang++",,,,,,,,,
"N","Ultimate Edition","#999999","Ubuntu","2008.5",,,"https://distroware.gitlab.io/os/Linux/u/ultimate-edition",,,,,,,,,
"N","Zorin OS","#055AA0","Ubuntu","2008.10",,,"https://distroware.gitlab.io/os/Linux/z/zorin-os",,,,,,,,,
"N","eBox","#f49d00","Ubuntu","2008.10.18",,,"https://distroware.gitlab.io/os/Linux/z/zentyal","Zentyal","2010.9.1","https://distroware.gitlab.io/os/Linux/z/zentyal",,,,,,
"N","CAINE","#f3a424","Ubuntu","2008.10.25",,,"https://distroware.gitlab.io/os/Linux/c/caine-live",,,,,,,,,
"N","AV","#334466","Ubuntu","2009.2","2020.11.25",,"https://distroware.gitlab.io/os/Linux/a/av-linux","AV Linux","2009.5.8","https://distroware.gitlab.io/os/Linux/a/av-linux",,,,,,
"N","Lubuntu","#0169c9","Ubuntu","2009.4.13",,,"https://distroware.gitlab.io/os/Linux/l/lubuntu",,,,,,,,,
"N","Peppermint OS","#ae000e","Lubuntu","2010.4.22",,,"https://distroware.gitlab.io/os/Linux/p/peppermint-os",,,,,,,,,
"N","OSGeo-Live","#49a942","Lubuntu","2012.03.01",,,"https://distroware.gitlab.io/os/Linux/o/osgeo-live",,,,,,,,,
"N","LXLE","#474747","Lubuntu","2013.8.19",,,"https://distroware.gitlab.io/os/Linux/l/lxle",,,,,,,,,
"N","Backtrack ","#557c94","Ubuntu","2010.01.9","2013.3.14",,"https://distroware.gitlab.io/os/Linux/b/backtrack",,,,,,,,,
"N","BackBox","#2e2e2e","Ubuntu","2010.9.9",,,"https://distroware.gitlab.io/os/Linux/b/backbox",,,,,,,,,
"N","Ubuntu GNOME","#0087ed","Ubuntu","2012.10","2017.10.10",,"https://distroware.gitlab.io/os/Linux/u/ubuntu-gnome",,,,,,,,,
"N","Bodhi","#5b860a","Ubuntu","2010.11.17",,,"https://distroware.gitlab.io/os/Linux/b/bodhi",,,,,,,,,
"N","elementary OS","#47A8E9","Ubuntu","2011.3.31",,,"https://distroware.gitlab.io/os/Linux/e/elementary-os",,,,,,,,,
"N","Pear OS","#777777","Ubuntu","2011.8.15","2014.01.20",,"http://www.pearlinux.fr/",,,,,,,,,
"N","Linkat  ","#fcbe32","Ubuntu","2011.11.25",,,"https://distroware.gitlab.io/os/Linux/l/linkat",,,,,,,,,
"N","Descent OS","#0066FF","Ubuntu","2011.12.13","2017.02.20",,"https://distroware.gitlab.io/os/Linux/descent-os",,,,,,,,,
"N","TorBOX","#000","Ubuntu","2012.2.29",,,"https://distroware.gitlab.io/os/Linux/w/whonix","Whonix","2012.9","https://distroware.gitlab.io/os/Linux/w/whonix",,,,,,
"N","Ubuntu-Pack","#83c225","Ubuntu","2012.6.24",,,"https://distroware.gitlab.io/os/Linux/u/ubuntu-pack",,,,,,,,,
"N","Santoku","#444254","Ubuntu","2012.7.25",,,"https://distroware.gitlab.io/os/Linux/s/santoku",,,,,,,,,
"N","Ubuntu Kylin","#347DC4","Ubuntu","2013.4.26",,,"https://distroware.gitlab.io/os/Linux/u/ubuntu-kylin",,,,,,,,,
"N","Ubuntu Touch","#e95420","Ubuntu","2013.10.17",,,"https://distroware.gitlab.io/os/Linux/u/ubuntu-touch",,,,,,,,,
"N","Ubuntu MATE","#93ae67","Ubuntu","2015.2",,,"https://distroware.gitlab.io/os/Linux/u/ubuntu-mate",,,,,,,,,
"N","Snakeoil OS","#FFCC00","Ubuntu","2016.02.29",,,"https://distroware.gitlab.io/os/Linux/s/snakeoil-os",,,,,,,,,
"N","KDE Neon","#0AB23B","Ubuntu","2016.04.20",,,"https://distroware.gitlab.io/os/Linux/k/kde-neon",,,,,,,,,
"N","Budgie-Remix","#404455","Ubuntu","2016.04.24",,,"https://distroware.gitlab.io/os/Linux/u/ubuntu-budgie","Ubuntu Budgie","2017.04.13","https://distroware.gitlab.io/os/Linux/u/ubuntu-budgie",,,,,,
"N","Pop OS","#48B9C7","Ubuntu","2017.06.29",,,"https://distroware.gitlab.io/os/Linux/p/pop-os",,,,,,,,,
"N","Arco-Debian","#555555","Debian","2004.12.1","2013.06.14",,"https://distroware.gitlab.io/os/Linux/a/arco-debian","Arc-Live","2008.11.25","https://distroware.gitlab.io/os/Linux/a/arco-debian",,,,,,
"N","MoLinux","#ad1d5a","Debian","2004.12.15","2011.12.24",,"https://distroware.gitlab.io/os/Linux/m/molinux",,,,,,,,,
"N","BlankOn","#0c7a00","Debian","2005.2.1",,,"https://distroware.gitlab.io/os/Linux/b/blankon",,,,,,,,,
"N","Voyage Linux","#005a8c","Debian","2005.2.14","2020.05.12",,"https://distroware.gitlab.io/os/Linux/v/voyage-linux",,,,,,,,,
"N","Trisquel","#5fc8ff","Debian","2005.4",,,"https://distroware.gitlab.io/os/Linux/t/trisequel",,,,,,,,,
"N","LliureX","#369","Debian","2005.6.5",,,"https://distroware.gitlab.io/os/Linux/l/lliurex",,,,,,,,,
"N","VENENUX","#1841bd","Debian","2005.6.6","2013.07.08",,"https://distroware.gitlab.io/os/Linux/v/venenux",,,,,,,,,
"N","Elive","#ebe25f","Debian","2005.7.22",,,"https://distroware.gitlab.io/os/Linux/e/elive",,,,,,,,,
"N","Tuquito","#96dec8","Debian","2005.9","2015.06.29",,"https://distroware.gitlab.io/os/Linux/t/tuquito",,,,,,,,,
"N","Finnix ","#000","Debian","2005.10.23",,,"https://distroware.gitlab.io/os/Linux/f/finnix",,,,,,,,,
"N","OS2005","#fa8700","Debian","2005.11","2012",,"https://distroware.gitlab.io/os/Linux/m/maemo","Maemo","2009.11","https://distroware.gitlab.io/os/Linux/m/maemo","Meego Harmattan","2011.6.21","https://distroware.gitlab.io/os/Linux/m/maemo",,,
"N","2XOS","#bb1111","Debian","2005.11.10","2015.05.14",,"https://distroware.gitlab.io/os/Linux/0-9/2xos",,,,,,,,,
"N","NepaLinux","#a02727","Debian","2005.12.22","2009.05.25",,"https://distroware.gitlab.io/os/Linux/n/nepalinux",,,,,,,,,
"N","Resulinux","#ff6600","Debian","2005.1.25","2013.07.23",,"https://distroware.gitlab.io/os/Linux/r/resulinux",,,,,,,,,
"N","Epidemic","#4da20f","Debian","2006.2.16","2016.03.05",,"https://distroware.gitlab.io/os/Linux/e/epidemic",,,,,,,,,
"N","Vyatta","#ff9933","Debian","2006.3.00","2017.10.5",,"https://distroware.gitlab.io/os/Linux/v/vyatta","Brocade Vyatta vRouter","2013.04.00","https://distroware.gitlab.io/os/Linux/v/vyatta",,,,,,
"N","VyOS","#E57D7D","Vyatta","2013.12.22",,,"https://distroware.gitlab.io/os/Linux/v/vyos",,,,,,,,,
"N","PureOS","#2337ff","Debian","2006.8.5","2014.03.03",,"https://distroware.gitlab.io/os/Linux/p/pureos-linux-live-kit",,,,,,,,,
"N","sidux","#7e7e86","Debian","2006.11.24","2016.05.05",,"https://distroware.gitlab.io/os/Linux/a/aptosid","aptosid","2010.9.11","https://distroware.gitlab.io/os/Linux/a/aptosid",,,,,,
"N","siduction","#535d6c","sidux","2011.12.21",,,"https://distroware.gitlab.io/os/Linux/s/siduction",,,,,,,,,
"N","BOSS","#4848d2","Debian","2007.1.10",,,"https://distroware.gitlab.io/os/Linux/b/boss",,,,,,,,,
"N","Webconverger","#ffff00","Debian","2007.4.6",,,"https://distroware.gitlab.io/os/Linux/w/webconverger",,,,,,,,,
"N","PelicanHPC","#a0553c","Debian","2008.3.1",,,"https://distroware.gitlab.io/os/Linux/p/pelicanhpc",,,,,,,,,
"N","GALPon MiniNo","#a9290a","Debian","2008.4",,,"https://distroware.gitlab.io/os/Linux/g/galpon-minino",,,,,,,,,
"N","Proxmox","#e36f1e","Debian","2008.4.15",,,"https://distroware.gitlab.io/os/Linux/p/proxmox",,,,,,,,,
"N","Estrella Roja","#f00","Debian","2008.6.11","2012.10.20",,"https://distroware.gitlab.io/os/Linux/e/estrella-roja",,,,,,,,,
"N","Inquisitor","#cc0000","Debian","2008.7.20","2012.10.20",,"https://distroware.gitlab.io/os/Linux/i/inquisitor",,,,,,,,,
"N","Metamorphose","#5b7df7","Debian","2008.12",,,"https://distroware.gitlab.io/os/Linux/m/metamorphose",,,,,,,,,
"N","Untangle","#82c86a","Debian","2009.4.10",,,"https://distroware.gitlab.io/os/Linux/u/untangle",,,,,,,,,
"N","Canaima","#452f27","Debian","2009.6.5",,,"https://distroware.gitlab.io/os/Linux/c/canaima",,,,,,,,,
"N","Tails","#6e2daf","Debian","2009.6.23",,,"https://distroware.gitlab.io/os/Linux/t/tails",,,,,,,,,
"N","Matriux","#dd2222","Debian","2009.11.27","2016.09.26",,"https://distroware.gitlab.io/os/Linux/m/matriux",,,,,,,,,
"N","Semplice","#290c6a","Debian","2009.12.6","2018.09.18",,"https://distroware.gitlab.io/os/Linux/s/semplice",,,,,,,,,
"N","DoudouLinux","#524592","Debian","2010.6","2016.12.06",,"https://distroware.gitlab.io/os/Linux/d/doudoulinux",,,,,,,,,
"N","Linux Mint Debian Edition","#5fec52","Debian","2010.9.7",,,"https://distroware.gitlab.io/os/Linux/l/linux-mint-debian-edition",,,,,,,,,
"N","UberStudent","#d8ab24","Debian","2010.9.3","2018.12.30",,"https://distroware.gitlab.io/os/Linux/u/uberstudent",,,,,,,,,
"N","GNUGuitarINUX","#898989","Debian","2010.12.31","2014.08.31",,"https://distroware.gitlab.io/os/Linux/g/gnuguitarinux",,,,,,,,,
"N","SalineOS","#485588","Debian","2011.1.17","2013.12.22",,"https://distroware.gitlab.io/os/Linux/s/salineos",,,,,,,,,
"N","Liquid Lemur","#457430","Debian","2011.2.2","2016",,"https://distroware.gitlab.io/os/Linux/l/liquid-lemur",,,,,,,,,
"N","Red Ribbon","#000","Debian","2011.6.13","2016.04.15",,"https://distroware.gitlab.io/os/Linux/r/red-ribbon",,,,,,,,,
"N","Snowlinux","#095197","Debian","2011.7.17","2014.10.14",,"https://distroware.gitlab.io/os/Linux/s/snowlinux",,,,,,,,,
"N","OpenMediaVault","#75777a","Debian","2011.10.17",,,"https://distroware.gitlab.io/os/Linux/o/openmediavault",,,,,,,,,
"N","TurnKey","#d49773","Debian","2011.12.6",,,"https://distroware.gitlab.io/os/Linux/t/turnkey",,,,,,,,,
"N","SolusOS","#757A75","Debian","2012.05.07","2013.10.28",,"https://distroware.gitlab.io/os/Linux/s/solusos",,,,,,,,,
"N","Xamin","#448bb8","Debian","2012.5.14",,,"https://distroware.gitlab.io/os/Linux/x/xamin",,,,,,,,,
"N","YunoHost","#111111","Debian","2012.5.31",,,"https://distroware.gitlab.io/os/Linux/y/yunohost",,,,,,,,,
"N","LinuxBBQ","#ffea3c","Debian","2012.6.1","2017.06.08",,"https://distroware.gitlab.io/os/Linux/l/linuxbbq",,,,,,,,,
"N","Raspbian","#c61931","Debian","2012.6",,,"https://distroware.gitlab.io/os/Linux/r/raspberry-pi-os","Raspberry Pi OS","2020.05.28","https://distroware.gitlab.io/os/Linux/r/raspberry-pi-os",,,,,,
"N","Raspyfi","#48bd87","Raspbian","2012.12.21","2013.09.07",,"https://distroware.gitlab.io/os/Linux/v/volumio",,,,,,,,,
"N","Raspbmc","#0090c4","Raspbian","2013.02.3","2015.06.28",,"https://distroware.gitlab.io/os/Linux/o/osmc",,,,,,,,,
"N","Moode","#D35400","Raspbian","2014.08.23",,,"https://distroware.gitlab.io/os/Linux/m/moode",,,,,,,,,
"N","Point Linux","#9ccaeb","Debian","2012.6.9","2019.06.21",,"https://distroware.gitlab.io/os/Linux/p/point",,,,,,,,,
"N","Univention Corporate Server","#E51D3C","Debian","2012.12.14",,,"https://distroware.gitlab.io/os/Linux/u/univention",,,,,,,,,
"N","SparkyLinux","#898483","Debian","2012.12.19",,,"https://distroware.gitlab.io/os/Linux/s/sparky",,,,,,,,,
"N","Kali","#557c94","Debian","2013.3.14",,,"https://distroware.gitlab.io/os/Linux/k/kali",,,,,,,,,
"N","Pardus ","#da9746","Debian","2013.03.27",,,"https://distroware.gitlab.io/os/Linux/p/pardus",,,,,,,,,
"N","Rebellin","#31abea","Debian","2013.4.16",,,"https://distroware.gitlab.io/os/Linux/r/rebellin",,,,,,,,,
"N","Rescatux","#ff6633","Debian","2013.8.14",,,"https://distroware.gitlab.io/os/Linux/r/rescatux",,,,,,,,,
"N","Volumio","#48bd87","Debian","2013.09.07",,,"https://distroware.gitlab.io/os/Linux/v/volumio",,,,,,,,,
"N","SteamOS","#b55afb","Debian","2013.09.23","2020.06.30",,"https://distroware.gitlab.io/os/Linux/s/steamos",,,,,,,,,
"N","Ye Olde SteamOSe","#2e2e2e","SteamOS","2013.12.17","2016.03",,"https://distroware.gitlab.io/os/Linux/stephensons-rocket","Stephenson's Rocket","2014.03.22","https://distroware.gitlab.io/os/Linux/s/stephensons-rocket",,,,,,
"//N","Vaporos","#000","SteamOS","2015.11.10",,,"http://vaporos.net/",,,,,,,,,
"N","armbian","#c7c7c7","Debian","2013.12.24",,,"https://distroware.gitlab.io/os/Linux/a/armbian",,,,,,,,,
"N","ToriOS","#be0000","Debian","2014.01.14",,,"https://distroware.gitlab.io/os/Linux/t/torios",,,,,,,,,
"N","Tanglu","#078002","Debian","2014.1.19","2020.06.11",,"https://distroware.gitlab.io/os/Linux/t/tanglu",,,,,,,,,
"N","RoboLinux","#7b7c7a","Debian","2014.2.20",,,"https://distroware.gitlab.io/os/Linux/r/robolinux",,,,,,,,,
"N","MX Linux","#506e88","Debian","2014.03.24",,,"https://distroware.gitlab.io/os/Linux/m/mx-linux",,,,,,,,,
"N","AV Linux ","#334466","MX Linux","2020.11.25",,,"https://distroware.gitlab.io/os/Linux/a/av-linux",,,,,,,,,
"N","Endless OS","#f26522","Debian","2014.06.11",,,"https://distroware.gitlab.io/os/Linux/e/endless-os",,,,,,,,,
"N","Q4OS","#5f74c7","Debian","2014.07.17",,,"https://distroware.gitlab.io/os/Linux/q/q4os",,,,,,,,,
"N","SELKS","#761146","Debian","2014.10.17",,,"https://distroware.gitlab.io/os/Linux/s/selks",,,,,,,,,
"N","Devuan","#424252","Debian","2014.12.1",,,"https://distroware.gitlab.io/os/Linux/d/devuan",,,,,,,,,
"N","Refracta","#4A3348","Devuan","2015.10.15",,,"https://distroware.gitlab.io/os/Linux/r/refracta",,,,,,,,,
"//N","Crowz","#000","Devuan",,,,"https://sourceforge.net/projects/crowz/",,,,,,,,,
"N","OSMC","#0090c4","Debian","2015.06.28",,,"https://distroware.gitlab.io/os/Linux/o/osmc",,,,,,,,,
"N","deepin","#15A7E5","Debian","2015.12.30",,,"https://distroware.gitlab.io/os/Linux/d/deepin",,,,,,,,,
"N","PrimTux","#4e6d8c","Debian","2016.4.6",,,"https://distroware.gitlab.io/os/Linux/p/primtux",,,,,,,,,
"N","Parrot","#95b8c8","Debian","2016.5.16",,,"https://distroware.gitlab.io/os/Linux/p/parrot",,,,,,,,,
"N","Netrunner ","#5997de","Debian","2016.10.23",,,"https://distroware.gitlab.io/os/Linux/n/netrunner",,,,,,,,,
,,,,,,,,,,,,,,,,
"N","Red Hat","#cc0000",,"1994.11.3",,,"https://distroware.gitlab.io/os/Linux/r/red-hat","Red Hat Enterprise Linux","2002.3.26","https://distroware.gitlab.io/os/Linux/r/red-hat",,,,,,
"N","Conectiva","#4c3065","Red Hat","1997.10","2005.1.24",,"https://distroware.gitlab.io/os/Linux/c/connectiva",,,,,,,,,
"N","PLD","#3f89d0","Red Hat","1998",,,"https://distroware.gitlab.io/os/Linux/p/pld",,,,,,,,,
"N","Mandrake","#3f48c9","Red Hat","1998.7.23","2015.5.27",,"https://distroware.gitlab.io/os/Linux/m/mandriva","Mandriva","2005.4.8","https://distroware.gitlab.io/os/Linux/m/mandriva",,,,,,
"N","ALT","#ebe04a","Mandrake","2001.3.25",,,"https://distroware.gitlab.io/os/Linux/a/alt",,,,,,,,,
"N","PCLinuxOS","#78ca75","Mandrake","2003.10",,,"https://distroware.gitlab.io/os/Linux/p/pclinuxos",,,,,,,,,
"N","blackPanther","#000","Mandrake","2003.12",,,"https://distroware.gitlab.io/os/Linux/b/blackpanther",,,,,,,,,
"N","Mageia","#3f48c9","Mandrake","2010.9.18",,,"https://distroware.gitlab.io/os/Linux/m/mageia",,,,,,,,,
"N","ROSA","#105289","Mandrake","2011.3.25",,,"https://distroware.gitlab.io/os/Linux/r/rosa",,,,,,,,,
"N","OpenMandriva Lx","#0484c1","Mandrake","2013.6.18",,,"https://distroware.gitlab.io/os/Linux/o/openmandriva",,,,,,,,,
"N","Fermi","#00309e","Red Hat","1998.8.31",,,"https://distroware.gitlab.io/os/Linux/f/fermi",,,,,,,,,
"N","e-smith","#d38b8e","Red Hat","1999.1",,,"https://distroware.gitlab.io/os/Linux/sme-server","SME Server","2001.8","https://distroware.gitlab.io/os/Linux/s/sme-server",,,,,,
"N","Vine","#323296","Red Hat","1999.3.28",,,"https://distroware.gitlab.io/os/Linux/v/vine",,,,,,,,,
"N","Red Flag","#e34043","Red Hat","1999.8",,,"https://distroware.gitlab.io/os/Linux/r/red-flag",,,,,,,,,
"N","Finnix","#000","Red Hat","2000.3.22","2005.10.23",,"https://distroware.gitlab.io/os/Linux/f/finnix",,,,,,,,,
"N","BU Linux","#e30000","Red Hat","2000.5",,,"https://distroware.gitlab.io/os/Linux/b/bu-linux",,,,,,,,,
"N","Miracle","#e34043","Red Hat","2000.8",,,"https://distroware.gitlab.io/os/Linux/m/miracle",,,,,,,,,
"N","Asianux","#000","Miracle","2004.6",,,"https://distroware.gitlab.io/os/Linux/a/asianux",,,,,,,,,
"N","ClarkConnect","#608921","Red Hat","2000.11",,,"https://distroware.gitlab.io/os/Linux/c/clearos","ClearOS","2009.10.5","https://distroware.gitlab.io/os/Linux/c/clearos",,,,,,
"N","Berry","#ffc300","Red Hat","2003.4.13",,,"https://distroware.gitlab.io/os/Linux/b/berry",,,,,,,,,
"N","AnNyung","#4c4c4c","Red Hat","2003.6.14",,,"https://distroware.gitlab.io/os/Linux/a/annyung",,,,,,,,,
"N","Fedora Core","#362e94","Red Hat","2003.11.6",,,"https://distroware.gitlab.io/os/Linux/f/fedora","Fedora","2007.5.31","https://distroware.gitlab.io/os/Linux/f/fedora",,,,,,
"N","NST","#000","Fedora Core","2003.12",,,"https://distroware.gitlab.io/os/Linux/n/nst",,,,,,,,,
"N","Amahi","#99aa88","Fedora Core","2007",,,"https://distroware.gitlab.io/os/Linux/a/amahi",,,,,,,,,
"N","Ojuba","#437644","Fedora Core","2008.8.7",,,"https://distroware.gitlab.io/os/Linux/o/ojuba",,,,,,,,,
"N","Moblin 2","#3366bb","Fedora Core","2008.8.19","2010.5.26",,"https://distroware.gitlab.io/os/Linux/m/moblin",,,,,,,,,
"N","MeeGo","#4e2174","Moblin 2","2010.5.26","2011.10.3",,"https://distroware.gitlab.io/os/Linux/m/meego",,,,,,,,,
"N","Mer","#002bb8","MeeGo","2011.10.3","2020.08.20",,"https://distroware.gitlab.io/os/Linux/m/mer",,,,,,,,,
"N","Tizen","#555","MeeGo","2011.9",,,"https://distroware.gitlab.io/os/Linux/t/tizen",,,,,,,,,
"N","Sailfish OS","#32A283","Mer","2013.11.27",,,"https://distroware.gitlab.io/os/Linux/s/sailfishos",,,,,,,,,
"N","Qubes OS","#666","Fedora Core","2010.4.7",,,"https://distroware.gitlab.io/os/Linux/q/qubes-os",,,,,,,,,
"N","SuliX","#FFAB20","Red Hat","2003.11.3",,,"https://distroware.gitlab.io/os/Linux/s/sulix",,,,,,,,,
"N","PUIAS","#b00","Red Hat","2003.12",,,"https://distroware.gitlab.io/os/Linux/s/springdale","Springdale Linux","2013.02.28","https://distroware.gitlab.io/os/Linux/s/springdale",,,,,,
"N","CentOS","#6f4376","Red Hat","2003.12.1","2024.06.30",,"https://distroware.gitlab.io/os/Linux/c/centos",,,,,,,,,
"N","Elastix","#df1f29","CentOS","2006.12.29",,,"https://distroware.gitlab.io/os/Linux/e/elastix",,,,,,,,,
"N","BlueOnyx","#0e264c","CentOS","2008.12.31",,,"https://distroware.gitlab.io/os/Linux/b/blueonyx",,,,,,,,,
"N","NethServer","#259ed5","CentOS","2015.01.28",,,"https://distroware.gitlab.io/os/Linux/n/nethserver",,,,,,,,,
"N","Baruwa","#00a8dc","CentOS","2015.8.10",,,"https://distroware.gitlab.io/os/Linux/b/baruwa",,,,,,,,,
"N","Rockstor","#e96748","CentOS","2013.11.20",,,"https://distroware.gitlab.io/os/Linux/r/rockstor",,,,,,,,,
"N","CentOS Stream","#6f4376","CentOS","2019.09.24",,,"https://distroware.gitlab.io/os/Linux/c/centos-stream",,,,,,,,,
"N","CERN","#4078c3","Red Hat","2004.4.16",,,"https://distroware.gitlab.io/os/Linux/c/cern",,,,,,,,,
"N","Scientific Linux","#191756","Red Hat","2004.5.10","2024.06.30",,"https://distroware.gitlab.io/os/Linux/s/scientific",,,,,,,,,
"N","Endian","#7cb900","Red Hat","2006.7.13",,,"https://distroware.gitlab.io/os/Linux/e/endian",,,,,,,,,
"N","Oracle Enterprise","#f00","Red Hat","2006.10.25",,,"https://distroware.gitlab.io/os/Linux/o/oracle-linux","Oracle Linux","2007.6.26","https://distroware.gitlab.io/os/Linux/o/oracle-linux",,,,,,
"//N","CloudLinux OS","#005DB4",,"2010.01",,,"https://distroware.gitlab.io/os/Linux/c/cloudlinux",,,,,,,,,
"N","AlmaLinux","#082336","Red Hat","2021.03.30",,,"https://distroware.gitlab.io/os/linux/a/almalinux/",,,,,,,,,
"N","Rocky Linux","#10b981","Red Hat","2021.4.30",,,"https://distroware.gitlab.io/os/linux/r/rockylinux.md",,,,,,,,,
,,,,,,,,,,,,,,,,
"N","Jurix","#9f9f9f",,"1995.2.8","1997",,"https://distroware.gitlab.io/os/Linux/j/jurix",,,,,,,,,
"N","S.u.S.E Linux","#4bb679","Jurix","1996.5",,,"https://distroware.gitlab.io/os/Linux/o/opensuse","SuSE Linux","1998.12.21","https://distroware.gitlab.io/os/Linux/o/opensuse","SUSE Linux","2003.10.15","https://distroware.gitlab.io/os/Linux/o/opensuse","openSUSE","2006.12.7","https://distroware.gitlab.io/os/Linux/o/opensuse"
"N","SUSE Linux Enterprise Server","#7ad4aa","S.u.S.E Linux","2000.10.31",,,"https://distroware.gitlab.io/os/Linux/s/suse",,,,,,,,,
"N","United Linux","#040404","S.u.S.E Linux","2002.11.19","2004.1.22",,"https://distroware.gitlab.io/os/Linux/u/united-linux",,,,,,,,,
"N","SCO Linux","#5ea3db","United Linux","2002.11.19","2003.05.12",,"https://distroware.gitlab.io/os/Linux/s/sco-linux",,,,,,,,,
"N","Novell Linux Desktop","#7ad4aa","S.u.S.E Linux","2004.11.8",,,"https://distroware.gitlab.io/os/Linux/s/suse","SUSE Linux Enterprise Desktop","2006.07.16","https://distroware.gitlab.io/os/Linux/s/suse",,,,,,
"N","GeckoLinux","#2EE360","S.u.S.E Linux","2016.03",,,"https://distroware.gitlab.io/os/Linux/g/geckolinux",,,,,,,,,
"N","EasyNAS","#BC7B37","S.u.S.E Linux","2016.05",,,"https://distroware.gitlab.io/os/Linux/e/easynas",,,,,,,,,
"N","Rockstor ","#e96748","S.u.S.E Linux","2020.7.19",,,"https://distroware.gitlab.io/os/Linux/r/rockstor",,,,,,,,,
,,,,,,,,,,,,,,,,
"N","Enoch","#a0a0f0",,"1999.12",,,"https://distroware.gitlab.io/os/Linux/g/gentoo","Gentoo","2002.3.31","https://distroware.gitlab.io/os/Linux/g/gentoo",,,,,,
"N","Pentoo","#000100","Enoch","2005.2",,,"https://distroware.gitlab.io/os/Linux/p/pentoo",,,,,,,,,
"N","RR4","#e9b689","Enoch","2005.10",,,"https://distroware.gitlab.io/os/Linux/s/sabayon","Sabayon","2006.8.16","https://distroware.gitlab.io/os/Linux/s/sabayon",,,,,,
"N","Pardus","#da9746","Enoch","2005.12.26","2013.03.27",,"https://distroware.gitlab.io/os/Linux/p/pardus",,,,,,,,,
"N","Calculate","#faa61a","Enoch","2007.6.6",,,"https://distroware.gitlab.io/os/Linux/c/calculate",,,,,,,,,
"N","Funtoo","#333399","Enoch","2008.9",,,"https://distroware.gitlab.io/os/Linux/f/funtoo",,,,,,,,,
"N","SystemRescueCD","#508fee","Enoch","2008.3.3","2019.02.02",,"https://distroware.gitlab.io/os/Linux/s/systemrescue",,,,,,,,,
"N","Chromium OS","#5EAAB6","Enoch","2009.11.19",,,"https://distroware.gitlab.io/os/Linux/c/chromiumos",,,,,,,,,
"N","CoreOS","#F15F6F","Chromium OS","2013.10.3","2020.05.26",,"https://distroware.gitlab.io/os/Linux/c/container-linux","Container Linux","2016.12.12","https://distroware.gitlab.io/os/Linux/c/container-linux",,,,,,
"N","Flatcar Container Linux","#09BAC8","CoreOS","2018.03.06",,"https://distroware.gitlab.io/os/Linux/f/flatcar-container-linux",,,,,,,,,,
"N","CloudReady","#0971ce","Chromium OS","2015.04.21",,,"https://distroware.gitlab.io/os/Linux/c/cloudready",,,,,,,,,
"N","Flint OS","#222222","Chromium OS","2016.10.28","2018.03.6",,"https://distroware.gitlab.io/os/Linux/f/flint-os",,,,,,,,,
"N","Daphile","#9f1d35","Enoch","2013.07.09",,,"https://distroware.gitlab.io/os/Linux/d/daphile",,,,,,,,,
"N","Porteus Kiosk","#0C0073","Enoch","2015.03.02",,,"https://distroware.gitlab.io/os/Linux/p/porteus-kiosk",,,,,,,,,
"N","wtfplay-live","#000","Enoch","2016.02",,,"https://distroware.gitlab.io/os/Linux/w/wtfplay-live",,,,,,,,,
,,,,,,,,,,,,,,,,
"N","Arch Linux","#0771a6",,"2002.3.11",,,"https://distroware.gitlab.io/os/Linux/a/arch-linux",,,,,,,,,
"N","LinHES","#92bac4","Arch Linux","2009.1.28",,,"https://distroware.gitlab.io/os/Linux/l/linhes",,,,,,,,,
"N","Arch Linux ARM","#0771a6","Arch Linux","2009.8.9",,,"https://distroware.gitlab.io/os/Linux/a/arch-linux-arm",,,,,,,,,
"N","ArchBang","#0077bb","Arch Linux","2010.1.26",,,"https://distroware.gitlab.io/os/Linux/a/archbang",,,,,,,,,
"N","Parabola","#787dab","Arch Linux","2010.11",,,"https://distroware.gitlab.io/os/Linux/p/parabola",,,,,,,,,
"N","Manjaro","#3fbb3f","Arch Linux","2011.7.9",,,"https://distroware.gitlab.io/os/Linux/m/manjaro",,,,,,,,,
"N","Bluestar Linux","#13C2FE","Arch Linux","2011.11.10",,,"https://distroware.gitlab.io/os/Linux/b/bluestar-linux",,,,,,,,,
"N","BlackArch","#880001","Arch Linux","2012.12",,,"https://distroware.gitlab.io/os/Linux/b/blackarch",,,,,,,,,
"N","Obarun","#1f94be","Arch Linux","2015.07",,,"https://distroware.gitlab.io/os/Linux/o/obarun",,,,,,,,,
"N","Hyperbola","#c0c0c0","Arch Linux","2017.04.15",,,"https://distroware.gitlab.io/os/Linux/h/hyperbola",,,,,,,,,
"N","Artix","#12ba64","Arch Linux","2017.07.27",,,"https://distroware.gitlab.io/os/Linux/a/artix",,,,,,,,,
"N","ArchMerge","#6790EB","Arch Linux","2017.09.15",,,"https://distroware.gitlab.io/os/Linux/a/arcolinux","ArcoLinux","2018.03.11","https://distroware.gitlab.io/os/Linux/a/arcolinux",,,,,,
"N","Arch Linux 32","#0771a6","Arch Linux","2017.11.08",,,"https://distroware.gitlab.io/os/Linux/a/arch-linux-32",,,,,,,,,
"N","SystemRescueCD ","#508fee","Arch Linux","2019.02.02",,,"https://distroware.gitlab.io/os/Linux/s/systemrescue","SystemRescue","2020.10.17","https://distroware.gitlab.io/os/Linux/s/systemrescue",,,,,,
"//N","Endeavour OS","#7f3fbf","Arch Linux","2019.07.15",,,"https://distroware.gitlab.io/os/Linux/e/endeavouros/",,,,,,,,,
"//N","Garuda Linux","#27bffa","Arch Linux","2020.03.26",,,"https://distroware.gitlab.io/os/Linux/g/garudalinux/",,,,,,,,,
"##N","SteamOS ","#b55afb","Arch Linux","2022.02.25",,,"https://distroware.gitlab.io/os/Linux/s/steamos-arch/",,,,,,,,,
"N","KaOS","#75B9E7",,"2014.04.18",,,"https://distroware.gitlab.io/os/Linux/k/kaos",,,,,,,,,
,,,,,,,,,,,,,,,,
"N","MCC Interim","#696a48",,"1992.2","1996.4.23",,"https://distroware.gitlab.io/os/Linux/m/mcc-interim",,,,,,,,,
"N","TAMU","#3a34bc",,"1992.5","1994.10",,"https://distroware.gitlab.io/os/Linux/y/tamu",,,,,,,,,
"N","Yggdrasil","#668f53",,"1992.12.8","1995.5",,"https://distroware.gitlab.io/os/Linux/y/yggdrasil",,,,,,,,,
"N","DLD","#9e9e9e",,"1993","1999.12",,"https://distroware.gitlab.io/os/Linux/d/dld",,,,,,,,,
"N","LST","#4e8969",,"1993.12","1997.3.23",,"https://distroware.gitlab.io/os/Linux/l/lst",,,,,,,,,
"N","Caldera OpenLinux","#5ea3db","LST","1996.2","2002.11.19",,"https://distroware.gitlab.io/os/Linux/o/openlinux","SCO OpenLinux","2002.8.26","https://distroware.gitlab.io/os/Linux/o/openlinux",,,,,,
"N","Redmond","#33812b","Caldera OpenLinux","2001.12.8","2005.6.15",,"https://distroware.gitlab.io/os/Linux/r/redmond","Lycoris Desktop/LX","2002.1","https://distroware.gitlab.io/os/Linux/r/redmond",,,,,,
"N","Bogus","#8ecab5",,"1994.1","1994.10",,"https://distroware.gitlab.io/os/Linux/b/bogus",,,,,,,,,
"N","Xdenu","#613980",,"1995","1996.5",,"https://distroware.gitlab.io/os/Linux/x/xdenu",,,,,,,,,
"N","Linux-FT","#ff0031",,"1995.1","1996.10",,"https://distroware.gitlab.io/os/Linux/l/linux-ft",,,,,,,,,
"N","Mini","#55b7f4",,"1995.2","1995.10",,"https://distroware.gitlab.io/os/Linux/m/mini",,,,,,,,,
"N","Trans-Ameritech","#ff1600",,"1995.3","1997.1",,"https://distroware.gitlab.io/os/Linux/trans-ameritech-linuxware",,,,,,,,,
"N","Unifix","#334466",,"1995.6","2001",,"https://distroware.gitlab.io/os/Linux/u/unifix",,,,,,,,,
"N","Linux Universe","#000",,"1995.10","1998.10",,"https://distroware.gitlab.io/os/Linux/l/linux-universe",,,,,,,,,
"N","Craftworks","#ff6cc4",,"1996","1998.4",,"https://distroware.gitlab.io/os/Linux/c/craftworks",,,,,,,,,
"N","DILINUX","#ff5f00",,"1996.4","1998.2",,"https://distroware.gitlab.io/os/Linux/d/doslinux","DOSLINUX","1997.10","https://distroware.gitlab.io/os/Linux/d/doslinux",,,,,,
"N","mkLinux","#35332d",,"1996.5.17","2002.8.11",,"https://distroware.gitlab.io/os/Linux/m/mklinux",,,,,,,,,
"N","Monkey","#8b3706",,"1996.10","1997.5.8",,"https://distroware.gitlab.io/os/Linux/m/monkey",,,,,,,,,
"N","Linux Router Project","#000",,"1997","2002",,"https://distroware.gitlab.io/os/Linux/l/linux-router-project",,,,,,,,,
"N","LEAF","#00b4d7","Linux Router Project","2000.10.29",,,"https://distroware.gitlab.io/os/Linux/l/leaf",,,,,,,,,
"N","Weaver","#ff9600",,"1997.9","2007.3",,"https://distroware.gitlab.io/os/Linux/n/nitix","Nitix","2004.1","https://distroware.gitlab.io/os/Linux/n/nitix",,,,,,
"N","uClinux","#4b78ff",,"1998.1",,,"https://distroware.gitlab.io/os/Linux/u/uclinux",,,,,,,,,
"N","ROCK","#77781b",,"1998.8","2010",,"https://distroware.gitlab.io/os/Linux/r/rock",,,,,,,,,
"N","T2","#09345f","ROCK","2004.10.3",,,"https://distroware.gitlab.io/os/Linux/t/t2",,,,,,,,,
"N","Linux From Scratch","#000",,"1999.12",,,"https://distroware.gitlab.io/os/Linux/l/linux-from-scratch",,,,,,,,,
"N","NuTyX","#ae0001","Linux From Scratch","2007.11.28",,,"https://distroware.gitlab.io/os/Linux/n/nutyx",,,,,,,,,
"N","KaarPux","#cb4b16","Linux From Scratch","2012.8.6",,,"https://distroware.gitlab.io/os/Linux/k/kaarpux",,,,,,,,,
"N","AryaLinux","#FF6600","Linux From Scratch","2015.9.13",,,"https://distroware.gitlab.io/os/Linux/a/aryalinux",,,,,,,,,
,,,,,,,,,,,,,,,,
"N","SmoothWall GPL","#d06bd0",,"2000.8.30",,,"https://distroware.gitlab.io/os/Linux/s/smoothwall","SmoothWall Express","2003.11.0","https://distroware.gitlab.io/os/Linux/s/smoothwall",,,,,,
"N","IPCop","#8065ce","SmoothWall GPL","2002.1.5","2018.02.23",,"https://distroware.gitlab.io/os/Linux/i/ipcop",,,,,,,,,
"N","IPFire","#66000f","IPCop","2005.8",,,"https://distroware.gitlab.io/os/Linux/i/ipfire",,,,,,,,,
,,,,,,,,,,,,,,,,
"N","CRUX","#4d699b",,"2001.1",,,"https://distroware.gitlab.io/os/Linux/c/crux",,,,,,,,,
"N","Openwall","#000",,"2001.5.15",,,"https://distroware.gitlab.io/os/Linux/o/openwall",,,,,,,,,
"N","dyne:bolic","#f1ca6d",,"2001.6","2014.09.8",,"https://distroware.gitlab.io/os/Linux/d/dyne-bolic",,,,,,,,,
"N","OpenWRT","#557788",,"2001.6.1",,,"https://distroware.gitlab.io/os/Linux/o/openwrt",,,,,,,,,
"N","NetStation","#116daa",,"2001.8.28","2003.9",,"https://distroware.gitlab.io/os/Linux/n/netstation",,,,,,,,,
"N","Thinstation","#000","NetStation","2003.8.30",,,"https://distroware.gitlab.io/os/Linux/t/thinstation",,,,,,,,,
"N","Sorcerer","#36ce3b",,"2001.10","2004.06.20",,"https://distroware.gitlab.io/os/Linux/s/sorcerer",,,,,,,,,
"N","Lunar Linux","#6257cd","Sorcerer","2002.3",,,"https://distroware.gitlab.io/os/Linux/l/lunar-linux",,,,,,,,,
"N","Source Mage","#bf3032","Sorcerer","2002.4",,,"https://distroware.gitlab.io/os/Linux/s/source-mage",,,,,,,,,
,,,,,,,,,,,,,,,,
"N","LinuxConsole","#333333",,"2002.10",,,"https://distroware.gitlab.io/os/Linux/l/linuxconsole",,,,,,,,,
,,,,,,,,,,,,,,,,
"N","GoboLinux","#6da697",,"2003",,,"https://distroware.gitlab.io/os/Linux/g/gobolinux",,,,,,,,,
"#N","Puppy","#dec374",,"2003.6",,,"https://distroware.gitlab.io/os/Linux/p/puppy",,,,,,,,,
"#N","Simplicity","#000","Puppy","2013.7.5",,,"https://distroware.gitlab.io/os/Linux/s/simplicity",,,,,,,,,
,,,,,,,,,,,,,,,,
"N","NixOS","#6666dd",,"2004.2.14",,,"https://distroware.gitlab.io/os/Linux/n/nixos",,,,,,,,,
"N","GuixSD","#ffcb01",,"2012.11.22",,,"https://distroware.gitlab.io/os/Linux/g/guix","Guix System","2019.05.02","https://distroware.gitlab.io/os/Linux/g/guix",,,,,,
"N","Paldo","#2a6096",,"2004.12.9",,,"https://distroware.gitlab.io/os/Linux/p/paldo",,,,,,,,,
,,,,,,,,,,,,,,,,
"N","BrazilFW","#0076b1",,"2005.10.5",,,"https://distroware.gitlab.io/os/Linux/b/brazilfw",,,,,,,,,
,,,,,,,,,,,,,,,,
"N","Ophcrack","#8fc442",,"2006.3.24",,,"https://distroware.gitlab.io/os/Linux/o/ophcrack",,,,,,,,,
"N","Alpine Linux","#5f8dd3",,"2006.5.4",,,"https://distroware.gitlab.io/os/Linux/a/alpine-linux",,,,,,,,,
"N","postmarketOS","#009900","Alpine Linux","2017.5.6",,,"https://distroware.gitlab.io/os/Linux/p/postmarketos",,,,,,,,,
"N","Zeroshell","#0000c0",,"2006.6.25",,,"https://distroware.gitlab.io/os/Linux/z/zeroshell",,,,,,,,,
,,,,,,,,,,,,,,,,
"N","SliTaz","#000",,"2007.4.1",,,"https://distroware.gitlab.io/os/Linux/s/slitaz",,,,,,,,,
"N","Tiny SliTaz","#df8f06","SliTaz","2010.6.1",,,"https://distroware.gitlab.io/os/Linux/t/tiny-slitaz",,,,,,,,,
"N","openmamba","#4db90a",,"2007.6",,,"https://distroware.gitlab.io/os/Linux/o/openmamba",,,,,,,,,
"N","Ångström","#9cc32a",,"2007.12",,,"https://distroware.gitlab.io/os/Linux/a/angstrom",,,,,,,,,
"N","PLoP","#c0c0d8",,"2007.12.26",,,"https://distroware.gitlab.io/os/Linux/p/plop",,,,,,,,,
,,,,,,,,,,,,,,,,
"N","VoidLinux","#478061",,"2008",,,"https://distroware.gitlab.io/os/Linux/v/voidlinux",,,,,,,,,
"N","Exherbo","#006600",,"2008.5.20",,,"https://distroware.gitlab.io/os/Linux/e/exherbo",,,,,,,,,
,,,,,,,,,,,,,,,,
"N","Tiny Core","#4f5f82",,"2009.1.5",,,"https://distroware.gitlab.io/os/Linux/t/tiny-core",,,,,,,,,
"N","piCorePlayer","#7E7E7E","Tiny Core","2013.6.16",,,"https://distroware.gitlab.io/os/Linux/p/picoreplayer",,,,,,,,,
"N","dCore","#4f5f82","Tiny Core","2013.06.28",,,"https://distroware.gitlab.io/os/Linux/d/dcore",,,,,,,,,
"N","Dragora","#56b04f",,"2009.3.13",,,"https://distroware.gitlab.io/os/Linux/d/dragora",,,,,,,,,
"N","webOS","#3ea3bd",,"2009.6.6",,,"https://distroware.gitlab.io/os/Linux/w/webos",,,,,,,,,
"N","LuneOS","#48a9f6","webOS","2014.09.1",,,"https://distroware.gitlab.io/os/Linux/l/luneos",,,,,,,,,
"N","OpenELEC","#88BDE1",,"2009.9.6","2020.06.3",,"https://distroware.gitlab.io/os/Linux/o/openelec",,,,,,,,,
"N","Lakka","#C0392B","OpenELEC","2015.5",,,"https://distroware.gitlab.io/os/Linux/l/lakka",,,,,,,,,
"N","LibreELEC","#000CB5","OpenELEC","2016.3",,,"https://distroware.gitlab.io/os/Linux/l/libreelec",,,,,,,,,
,,,,,,,,,,,,,,,,
"N","4M","#888",,"2010.10.10",,,"https://distroware.gitlab.io/os/Linux/0-9/4m",,,,,,,,,
,,,,,,,,,,,,,,,,
"N","noop","#303030",,"2012.7.20",,,"https://distroware.gitlab.io/os/Linux/n/noop",,,,,,,,,
"N","Bedrock","#00b070",,"2012.8.3",,,"https://distroware.gitlab.io/os/Linux/b/bedrock",,,,,,,,,
,,,,,,,,,,,,,,,,
"N","AOSC OS","#32405a",,"2013.6",,,"https://distroware.gitlab.io/os/Linux/a/aosc-os",,,,,,,,,
,,,,,,,,,,,,,,,,
"N","Minimal Linux Live","#6633FF",,"2014.07.28",,,"https://distroware.gitlab.io/os/Linux/m/minimal-linux-live",,,,,,,,,
"N","Pisi Linux","#D1007C",,"2014.11.05",,,"https://distroware.gitlab.io/os/Linux/p/pisi-linux",,,,,,,,,
,,,,,,,,,,,,,,,,
"N","Evolve OS","#4d4d4d",,"2015.01.26",,,"https://distroware.gitlab.io/os/Linux/s/solus","Solus","2015.05.17",,,,,,,
"N","Super Grub2 Disk","#ff6633",,"2015.02.15",,,"https://distroware.gitlab.io/os/Linux/s/super-grub",,,,,,,,,
"N","OviOS","#000",,"2015.7.13",,,"https://distroware.gitlab.io/os/Linux/o/ovios",,,,,,,,,
,,,,,,,,,,,,,,,,
"N","Asteroid OS","#e67e22",,"2016.12.7",,,"https://distroware.gitlab.io/os/Linux/a/asteroidos/",,,,,,,,,
"N","Batocera","#000",,"2016.12.26",,,"https://distroware.gitlab.io/os/Linux/b/batocera/",,,,,,,,,
,,,,,,,,,,,,,,,,
"N","AOSP","#a4c639",,"2007.11.5",,,"https://distroware.gitlab.io/os/Linux/LinuxAndroid/a/android",,,,,,,,,
"N","CyanogenMod","#33B5E5","AOSP","2009.7.1","2016.12.31",,"https://distroware.gitlab.io/os/Linux/LinuxAndroid/c/cyanogenmod",,,,,,,,,
"N","LineageOS","#167C80","CyanogenMod","2016.12.23",,,"https://distroware.gitlab.io/os/Linux/LinuxAndroid/l/lineageos",,,,,,,,,
"N","Android-x86","#1DA066","AOSP","2009.09.1",,,"https://distroware.gitlab.io/os/Linux/LinuxAndroid/a/android-x86",,,,,,,,,
"N","Android-IA","#006ECA","AOSP","2012.08.29","2018.10.02",,"https://distroware.gitlab.io/os/Linux/LinuxAndroid/a/android-ia",,,,,,,,,
"N","OmniROM","#A5C53E","AOSP","2013.08.23",,,"https://distroware.gitlab.io/os/Linux/LinuxAndroid/o/omnirom",,,,,,,,,
,,,,,,,,,,,,,,,,
,,,,,,,,,,,,,,,,
"#","Connectors",,,,,,,,,,,,,,,
"#","Leaving 'To When' empty will result in using 'From When' as this value",,,,,,,,,,,,,,,
"#","From When","From","To When","To","Thickness","Color",,,,,,,,,,
"C","2007.3","MAX",,"MAX ","2","#477dbe",,,,,,,,,,
"C","2007.12.3","Debian",,"MEPIS","2","#bf1238",,,,,,,,,,
"C","2008.3.1","ParallelKnoppix",,"PelicanHPC","2","#a0553c","# ParallelKnoppix rebased on Debian, name change",,,,,,,,,
"C","2009.2.11","Debian",,"Auditor Security Collection","2","#bf1238",,,,,,,,,,
"C","2009.5.8","Debian",,"AV","2","#bf1238",,,,,,,,,,
"C","2010.1.9","Auditor Security Collection",,"Backtrack ","4","#557c94",,,,,,,,,,
"C","2010.3.19","Debian",,"CrunchBang","2","#bf1238",,,,,,,,,,
"C","2013.3.14","Backtrack ",,"Kali","2","#557c94",,,,,,,,,,
"C","2013.03.27","Pardus",,"Pardus ","2","#da9746",,,,,,,,,,
"C","2013.06.28","Debian",,"dCore","1","#bf1238","# Tiny Core spin-off compatible with Debian",,,,,,,,,
"C","2013.8.6","Debian",,"gNewSense","2","#bf1238",,,,,,,,,,
"C","2013.09.07","Raspyfi",,"Volumio","2","#48bd87",,,,,,,,,,
"C","2014.03.24","MEPIS",,"MX Linux","4","#bf1238",,,,,,,,,,
"C","2014.03.24","antiX",,"MX Linux","2","#bf1238",,,,,,,,,,
"C","2015.02.15","Rescatux",,"Super Grub2 Disk","2","#ff6633","# Made from the same developer of Rescatux",,,,,,,,,
"C","2015.06.28","Raspbmc",,"OSMC","4","#0090c4",,,,,,,,,,
"C","2016.10.23","Netrunner",,"Netrunner ","4","#5997de","# Netrunner rebased to Debian from 16.09 release",,,,,,,,,
"C","2006.09.25","Hiweed Linux",,"Hiweed Linux ","4","#15A7E5",,,,,,,,,,
"C","2015.12.30","Hiweed Linux ",,"deepin","4","#15A7E5",,,,,,,,,,
"C","2020.11.25","AV",,"AV Linux ","4","#334466",,,,,,,,,,
,,,,,,,,,,,,,,,,
"C","2005.6.17","Ubuntu",,"MoLinux","2","#e95420",,,,,,,,,,
"C","2006.7.21","Ubuntu",,"MEPIS","2","#e95420",,,,,,,,,,
"C","2007.12","Ubuntu",,"LliureX","2","#e95420",,,,,,,,,,
"C","2008.7.24","Ubuntu",,"Trisquel","2","#e95420",,,,,,,,,,
"C","2012.7.3","Ubuntu",,"Amahi","2","#e95420",,,,,,,,,,
,,,,,,,,,,,,,,,,
"C","2005.7.3","Whoppix",,"WHAX","2","#000",,,,,,,,,,
"C","2010.5.26","OS2005",,"MeeGo","4","#fa8700",,,,,,,,,,
"C","2013.10.28","SolusOS","2015.01.26","Evolve OS","4","#757A75",,,,,,,,,,
,,,,,,,,,,,,,,,,
"#C","2010.7.9","Kubuntu",,"Netrunner","2","#4f5695",,,,,,,,,,
"C","2010.9.7","Linux Mint",,"Linux Mint Debian Edition","2","#5fec52","# Ikey Doherty made that",,,,,,,,,
"C","2012.05.07","Linux Mint Debian Edition",,"SolusOS","1","#5fec52","# Ikey Doherty made that",,,,,,,,,
"#C","2016.08.13","Netrunner",,"Maui Linux","2","#5997de","# Maui will continue as the previously Kubuntu based version of the Netrunner desktop line, Maui marks the transition from Kubuntu to KDE Neon",,,,,,,,,
"C","2017.10.10","Ubuntu GNOME",,"Ubuntu","4","#0087ed",,,,,,,,,,
,,,,,,,,,,,,,,,,
"C","1993.12","Slackware",,"LST","2","#000",,,,,,,,,,
"C","2006.2.5","WHAX",,"Auditor Security Collection","3","#445fff",,,,,,,,,,
"C","2007.8","Slackware",,"Wolvix","2","#000",,,,,,,,,,
"C","2009.7.27","Minislack",,"SLAMPP","2","#496da7",,,,,,,,,,
"C","2015.03.02","Porteus",,"Porteus Kiosk","2","#000099","# Porteus Team made a webkiosk Gentoo based OS",,,,,,,,,
,,,,,,,,,,,,,,,,
"C","1996.5","S.u.S.E",,"S.u.S.E Linux","2","#7ad4aa",,,,,,,,,,
"C","2020.7.19","Rockstor",,"Rockstor ","2","#e96748",,,,,,,,,,
,,,,,,,,,,,,,,,,
"C","2002.11.19","S.u.S.E Linux",,"United Linux","2","#7ad4aa","# UnitedLinux was created by a consortium of four Linux vendors -- SuSE, Turbolinux, Conectiva, and SCO. SuSE Linux will act as the systems integrator for the distribution",,,,,,,,,
"C","2002.11.19","Caldera OpenLinux",,"United Linux","2","#5ea3db",,,,,,,,,,
"C","2002.11.9","Conectiva",,"United Linux","2","#4c3065",,,,,,,,,,
,,,,,,,,,,,,,,,,
"C","1996.5","Red Hat",,"S.u.S.E Linux","2","#cc0000",,,,,,,,,,
"C","1998.4","Red Hat",,"mkLinux","2","#cc0000",,,,,,,,,,
"C","2005.10.23","Finnix",,"Finnix ","2","#000",,,,,,,,,,
,,,,,,,,,,,,,,,,
"C","2003.11.7","Fedora Core",,"Berry","2","#362e94",,,,,,,,,,
"C","2004.7.14","Fedora Core",,"BU Linux","2","#362e94",,,,,,,,,,
"C","2004.12","Fedora Core",,"AnNyung","2","#362e94",,,,,,,,,,
"C","2009","Fedora Core",,"Red Flag","2","#362e94",,,,,,,,,,
"C","2010.5.26","Fedora Core",,"MeeGo","2","#362e94",,,,,,,,,,
"C","2020.08.20","Mer",,"Sailfish OS","4","#002bb8",,,,,,,,,,
,,,,,,,,,,,,,,,,
"C","2005.6","CentOS",,"ClarkConnect","2","#6f4376",,,,,,,,,,
"C","2005.8.20","CentOS",,"e-smith","2","#6f4376",,,,,,,,,,
,,,,,,,,,,,,,,,,
"C","2004.5.10","Scientific Linux",,"Fermi","2","#191756",,,,,,,,,,
"C","2004.6","Red Flag",,"Asianux","4","#e34043",,,,,,,,,,
"C","2005.6.15","Redmond",,"Mandrake","2","#33812b",,,,,,,,,,
"C","2005.1.24","Conectiva",,"Mandrake","2","#4c3065",,,,,,,,,,
,,,,,,,,,,,,,,,,
"C","2008.5.20","Enoch",,"Exherbo","1","#a0a0f0",,,,,,,,,,
"C","2018.03.6","Flint OS",,"CloudReady","1","#222222",,,,,,,,,,
"C","2019.02.02","SystemRescueCD",,"SystemRescueCD ","2","#508fee",,,,,,,,,,
,,,,,,,,,,,,,,,,
"C","2008.5.28","Arch Linux",,"DeLi","1","#0771a6",,,,,,,,,,
"C","2011.8.13","Arch Linux",,"DeLi","2","#0771a6",,,,,,,,,,
"C","2012.2.13","Arch Linux",,"Liquid Lemur","2","#0771a6",,,,,,,,,,
"C","2014.04.18","Arch Linux",,"KaOS","4","#0771a6",,,,,,,,,,
"C","2017.07.27","Manjaro",,"Artix","1","#3fbb3f",,,,,,,,,,
,,,,,,,,,,,,,,,,
"C","1996.5","Jurix",,"S.u.S.E","1","#9f9f9f",,,,,,,,,,
"C","1996.5","Jurix",,"S.u.S.E Linux","4","#9f9f9f","# SUSE has rebased from Slackware to Jurix",,,,,,,,,
"C","1997.3.23","LST",,"Caldera OpenLinux","2","#4e8969",,,,,,,,,,
"C","1996.10","Linux-FT",,"Caldera OpenLinux","2","#ff0031",,,,,,,,,,
"C","1999.12","DLD",,"Red Hat","2","#9e9e9e",,,,,,,,,,
"C","2001.1","Linux From Scratch",,"CRUX","1","#000",,,,,,,,,,
"C","2002.3.11","CRUX",,"Arch Linux","1","#4d699b",,,,,,,,,,
"C","2007.11.28","CRUX",,"NuTyX","1","#4d699b",,,,,,,,,,
"C","2009.10","CRUX",,"Kwort","2","#4d699b",,,,,,,,,,
"C","2012.02.10","CRUX",,"Thinstation","2","#4d699b",,,,,,,,,,
"C","2006.5.4","LEAF",,"Alpine Linux","1","#00b4d7",,,,,,,,,,
"C","2007.11","Linux From Scratch",,"IPFire","2","#000",,,,,,,,,,
"C","2008.4.30","SliTaz",,"Ophcrack","2","#000",,,,,,,,,,
"C","2012.11.22","NixOS",,"GuixSD","4","#6666dd",,,,,,,,,,
"C","2013.06.28","Tiny Core",,"dCore","4","#4f5f82","# Tiny Core spin-off compatible with Debian",,,,,,,,,
"C","2016.03.00","OpenELEC",,"LibreELEC","1","#000CB5","# Scission in OpenELEC, devs fork (all except founder and leader Stephan Raue)",,,,,,,,,
"C","2017.01.21","LibreELEC",,"Lakka","2","#000CB5","# Lakka rebased to LibreELEC",,,,,,,,,
,,,,,,,,,,,,,,,,
"C","2016.12.23","CyanogenMod",,"LineageOS","2","#33B5E5","# Steve Kondik forked his own project since CyanogenMod is shutting down by Cyanogen Inc. (also Cyanogen OS as OS is shutting down )",,,,,,,,,
,,,,,,,,,,,,,,,,
"#","Domains",,,,,,,,,,,,,,,
"#","Distribution","Color","Intensity",,,,,,,,,,,,,
"D","Debian","#bf1238","15",,,,,,,,,,,,,
"D","Slackware","#000000","15",,,,,,,,,,,,,
"D","Red Hat","#cc0000","15",,,,,,,,,,,,,
"D","S.u.S.E Linux","#4bb679","22",,,,,,,,,,,,,
"D","Enoch","#a0a0f0","22",,,,,,,,,,,,,
"D","Arch Linux","#0771a6","10",,,,,,,,,,,,,
"D","AOSP","#a4c639","15",,,,,,,,,,,,,
,,,,,,,,,,,,,,,,
"#","Images",,,,,,,,,,,,,,,
"#","File Path","x Position","y Position",,,,,,,,,,,,,
"SVG","images/tux.svg","480","1730",,,,,,,,,,,,,
"#SVG","images/gnu.svg","635","190",,,,,,,,,,,,,
"SVG","images/info-connectors.svg","40","1955",,,,,,,,,,,,,
